-- phpMyAdmin SQL Dump
-- version 4.8.3
-- https://www.phpmyadmin.net/
--
-- Host: 127.0.0.1
-- Generation Time: Nov 18, 2019 at 07:23 PM
-- Server version: 10.1.35-MariaDB
-- PHP Version: 7.2.9

SET SQL_MODE = "NO_AUTO_VALUE_ON_ZERO";
SET AUTOCOMMIT = 0;
START TRANSACTION;
SET time_zone = "+00:00";


/*!40101 SET @OLD_CHARACTER_SET_CLIENT=@@CHARACTER_SET_CLIENT */;
/*!40101 SET @OLD_CHARACTER_SET_RESULTS=@@CHARACTER_SET_RESULTS */;
/*!40101 SET @OLD_COLLATION_CONNECTION=@@COLLATION_CONNECTION */;
/*!40101 SET NAMES utf8mb4 */;

--
-- Database: `alamat`
--

-- --------------------------------------------------------

--
-- Table structure for table `m_kota`
--

CREATE TABLE `m_kota` (
  `k_kota` int(10) UNSIGNED NOT NULL,
  `k_propinsi` int(10) UNSIGNED NOT NULL,
  `k_negara` int(10) UNSIGNED NOT NULL,
  `content` varchar(50) DEFAULT NULL
) ENGINE=InnoDB DEFAULT CHARSET=latin1;

--
-- Dumping data for table `m_kota`
--

INSERT INTO `m_kota` (`k_kota`, `k_propinsi`, `k_negara`, `content`) VALUES
(99, 99, 999, 'Lainnya'),
(1101, 11, 360, 'Kab. Aceh Barat'),
(1102, 11, 360, 'Kab. Aceh Barat Daya'),
(1103, 11, 360, 'Kab. Aceh Besar'),
(1104, 11, 360, 'Kab. Aceh Jaya'),
(1105, 11, 360, 'Kab. Aceh Nagan Raya'),
(1106, 11, 360, 'Kab. Aceh Selatan'),
(1107, 11, 360, 'Kab. Aceh Singkil'),
(1108, 11, 360, 'Kab. Aceh Tamiang'),
(1109, 11, 360, 'Kab. Aceh Tengah'),
(1110, 11, 360, 'Kab. Aceh Tenggara'),
(1111, 11, 360, 'Kab. Aceh Timur'),
(1112, 11, 360, 'Kab. Aceh Utara'),
(1113, 11, 360, 'Kab. Bener Meriah'),
(1114, 11, 360, 'Kab. Bireuen'),
(1115, 11, 360, 'Kab. Gayo Luas'),
(1116, 11, 360, 'Kab. Pidie'),
(1117, 11, 360, 'Kab. Simeulue'),
(1118, 11, 360, 'Kab. Pidie Jaya'),
(1171, 11, 360, 'Kota Banda Aceh'),
(1172, 11, 360, 'Kota Langsa'),
(1173, 11, 360, 'Kota Lhokseumawe'),
(1174, 11, 360, 'Kota Sabang'),
(1175, 11, 360, 'Kota Subulussalam'),
(1201, 12, 360, 'Kab. Asahan'),
(1202, 12, 360, 'Kab. Dairi'),
(1203, 12, 360, 'Kab. Deli Serdang'),
(1204, 12, 360, 'Kab. Humbang Hasundutan'),
(1205, 12, 360, 'Kab. Karo'),
(1206, 12, 360, 'Kab. Labuhan Batu'),
(1207, 12, 360, 'Kab. Langkat'),
(1208, 12, 360, 'Kab. Mandailing Natal'),
(1209, 12, 360, 'Kab. Nias'),
(1210, 12, 360, 'Kab. Nias Selatan'),
(1211, 12, 360, 'Kab. Pakpak Bharat'),
(1212, 12, 360, 'Kab. Samosir'),
(1213, 12, 360, 'Kab. Serdang Bedagai'),
(1214, 12, 360, 'Kab. Simalungun'),
(1215, 12, 360, 'Kab. Tapanuli Selatan'),
(1216, 12, 360, 'Kab. Tapanuli Tengah'),
(1217, 12, 360, 'Kab. Tapanuli Utara'),
(1218, 12, 360, 'Kab. Toba Samosir'),
(1219, 12, 360, 'Kab. Batu Bara'),
(1220, 12, 360, 'Kab. Padang Lawas Utara'),
(1221, 12, 360, 'Kab. Padang Lawas'),
(1222, 12, 360, 'Kab. Labuhan Batu Selatan'),
(1223, 12, 360, 'Kab. Labuhan Batu Utara'),
(1224, 12, 360, 'Kab. Nias Utara'),
(1225, 12, 360, 'Kab. Nias Barat'),
(1271, 12, 360, 'Kota Binjai'),
(1272, 12, 360, 'Kota Medan'),
(1273, 12, 360, 'Kota Padang Sidempuan'),
(1274, 12, 360, 'Kota Pematang Siantar'),
(1275, 12, 360, 'Kota Sibolga'),
(1276, 12, 360, 'Kota Tanjung Balai'),
(1277, 12, 360, 'Kota Tebing Tinggi'),
(1278, 12, 360, 'Kota Gunungsitoli'),
(1301, 13, 360, 'Kab. Agam'),
(1302, 13, 360, 'Kab. Dharmasraya'),
(1303, 13, 360, 'Kab. Kepulauan Mentawai'),
(1304, 13, 360, 'Kab. Lima Puluh Kota'),
(1305, 13, 360, 'Kab. Padang Pariaman'),
(1306, 13, 360, 'Kab. Pasaman'),
(1307, 13, 360, 'Kab. Pasaman Barat'),
(1308, 13, 360, 'Kab. Pesisir Selatan'),
(1309, 13, 360, 'Kab. Sijunjung'),
(1310, 13, 360, 'Kab. Solok'),
(1311, 13, 360, 'Kab. Solok Selatan'),
(1312, 13, 360, 'Kab. Tanah Datar'),
(1371, 13, 360, 'Kota Bukittinggi'),
(1372, 13, 360, 'Kota Padang'),
(1373, 13, 360, 'Kota Padang Panjang'),
(1374, 13, 360, 'Kota Pariaman'),
(1375, 13, 360, 'Kota Payakumbuh'),
(1376, 13, 360, 'Kota Sawahlunto'),
(1377, 13, 360, 'Kota Solok'),
(1401, 14, 360, 'Kab. Bengkalis'),
(1402, 14, 360, 'Kab. Indragiri Hilir'),
(1403, 14, 360, 'Kab. Indragiri Hulu'),
(1404, 14, 360, 'Kab. Kampar'),
(1405, 14, 360, 'Kab. Kuantan Singingi'),
(1406, 14, 360, 'Kab. Pelalawan'),
(1407, 14, 360, 'Kab. Rokan Hilir'),
(1408, 14, 360, 'Kab. Rokan Hulu'),
(1409, 14, 360, 'Kab. Siak'),
(1410, 14, 360, 'Kab. Kepulauan Meranti'),
(1471, 14, 360, 'Kota Dumai'),
(1472, 14, 360, 'Kota Pekanbaru'),
(1473, 14, 360, 'Kota Dumai'),
(1501, 15, 360, 'Kab. Batanghari'),
(1502, 15, 360, 'Kab. Bungo'),
(1503, 15, 360, 'Kab. Kerinci'),
(1504, 15, 360, 'Kab. Merangin'),
(1505, 15, 360, 'Kab. Muara Jambi'),
(1506, 15, 360, 'Kab. Sarolangun'),
(1507, 15, 360, 'Kab. Tanjung Jabung Barat'),
(1508, 15, 360, 'Kab. Tanjung Jabung Timur'),
(1509, 15, 360, 'Kab. Tebo'),
(1571, 15, 360, 'Kota Jambi'),
(1572, 15, 360, 'Kota Sungai Penuh'),
(1601, 16, 360, 'Kab. Banyuasin'),
(1602, 16, 360, 'Kab. Lahat'),
(1603, 16, 360, 'Kab. Muara Enim'),
(1604, 16, 360, 'Kab. Musi Banyuasin'),
(1605, 16, 360, 'Kab. Musi Rawas'),
(1606, 16, 360, 'Kab. Ogan Ilir'),
(1607, 16, 360, 'Kab. Ogan Komering Ilir'),
(1608, 16, 360, 'Kab. Ogan Komering Ulu'),
(1609, 16, 360, 'Kab. Oku Selatan'),
(1610, 16, 360, 'Kab. Oku Timur'),
(1611, 16, 360, 'Kab. Empat Lawang'),
(1671, 16, 360, 'Kota Lubuk Linggau'),
(1672, 16, 360, 'Kota Pagar Alam'),
(1673, 16, 360, 'Kota Palembang'),
(1674, 16, 360, 'Kota Prabumulih'),
(1701, 17, 360, 'Kab. Bengkulu Selatan'),
(1702, 17, 360, 'Kab. Bengkulu Utara'),
(1703, 17, 360, 'Kab. Kaur'),
(1704, 17, 360, 'Kab. Kepahiang'),
(1705, 17, 360, 'Kab. Lebong'),
(1706, 17, 360, 'Kab. Muko-Muko'),
(1707, 17, 360, 'Kab. Rejang Lebong'),
(1708, 17, 360, 'Kab. Seluma'),
(1709, 17, 360, 'Kab. Bengkulu Tengah'),
(1771, 17, 360, 'Kota Bengkulu'),
(1801, 18, 360, 'Kab. Lampung Barat'),
(1802, 18, 360, 'Kab. Lampung Selatan'),
(1803, 18, 360, 'Kab. Lampung Tengah'),
(1804, 18, 360, 'Kab. Lampung Timur'),
(1805, 18, 360, 'Kab. Lampung Utara'),
(1806, 18, 360, 'Kab. Tanggamus'),
(1807, 18, 360, 'Kab. Tulang Bawang'),
(1808, 18, 360, 'Kab. Way Kanan'),
(1809, 18, 360, 'Kab. Pesawaran'),
(1810, 18, 360, 'Kab. Pringsewu'),
(1811, 18, 360, 'Kab. Mesuji'),
(1812, 18, 360, 'Kab. Tulang Bawang Barat'),
(1871, 18, 360, 'Kota Bandar Lampung'),
(1872, 18, 360, 'Kota Metro'),
(1901, 19, 360, 'Kab. Bangka'),
(1902, 19, 360, 'Kab. Bangka Barat'),
(1903, 19, 360, 'Kab. Bangka Selatan'),
(1904, 19, 360, 'Kab. Bangka Tengah'),
(1905, 19, 360, 'Kab. Belitung'),
(1906, 19, 360, 'Kab. Belitung Timur'),
(1971, 19, 360, 'Kota Pangkal Pinang'),
(2100, 21, 360, 'Kab. Kep. Riau'),
(2101, 21, 360, 'Kab. Bintan'),
(2102, 21, 360, 'Kab. Karimun'),
(2103, 21, 360, 'Kab. Kepulauan Riau'),
(2104, 21, 360, 'Kab. Lingga'),
(2105, 21, 360, 'Kab. Natuna'),
(2171, 21, 360, 'Kota Batam'),
(2172, 21, 360, 'Kota Tanjung Pinang'),
(3101, 31, 360, 'Kab. Adm. Kepulauan Seribu'),
(3171, 31, 360, 'Kota Jakarta Selatan'),
(3172, 31, 360, 'Kota Jakarta Timur'),
(3173, 31, 360, 'Kota Jakarta Pusat'),
(3174, 31, 360, 'Kota Jakarta Barat'),
(3175, 31, 360, 'Kota Jakarta Utara'),
(3201, 32, 360, 'Kab. Bandung'),
(3202, 32, 360, 'Kab. Bekasi'),
(3203, 32, 360, 'Kab. Bogor'),
(3204, 32, 360, 'Kab. Ciamis'),
(3205, 32, 360, 'Kab. Cianjur'),
(3206, 32, 360, 'Kab. Cirebon'),
(3207, 32, 360, 'Kab. Garut'),
(3208, 32, 360, 'Kab. Indramayu'),
(3209, 32, 360, 'Kab. Kerawang'),
(3210, 32, 360, 'Kab. Kuningan'),
(3211, 32, 360, 'Kab. Majalengka'),
(3212, 32, 360, 'Kab. Purwakarta'),
(3213, 32, 360, 'Kab. Subang'),
(3214, 32, 360, 'Kab. Sukabumi'),
(3215, 32, 360, 'Kab. Sumedang'),
(3216, 32, 360, 'Kab. Tasikmalaya'),
(3217, 32, 360, 'Kab. Bandung Barat'),
(3271, 32, 360, 'Kota Bandung'),
(3272, 32, 360, 'Kota Banjar'),
(3273, 32, 360, 'Kota Bekasi'),
(3274, 32, 360, 'Kota Bogor'),
(3275, 32, 360, 'Kota Cimahi'),
(3276, 32, 360, 'Kota Cirebon'),
(3277, 32, 360, 'Kota Depok'),
(3278, 32, 360, 'Kota Sukabumi'),
(3279, 32, 360, 'Kota Tasikmalaya'),
(3301, 33, 360, 'Kab. Banjarnegara'),
(3302, 33, 360, 'Kab. Banyumas'),
(3303, 33, 360, 'Kab. Batang'),
(3304, 33, 360, 'Kab. Blora'),
(3305, 33, 360, 'Kab. Boyolali'),
(3306, 33, 360, 'Kab. Brebes'),
(3307, 33, 360, 'Kab. Cilacap'),
(3308, 33, 360, 'Kab. Demak'),
(3309, 33, 360, 'Kab. Grobogan'),
(3310, 33, 360, 'Kab. Jepara'),
(3311, 33, 360, 'Kab. Karanganyar'),
(3312, 33, 360, 'Kab. Kebumen'),
(3313, 33, 360, 'Kab. Kendal'),
(3314, 33, 360, 'Kab. Klaten'),
(3315, 33, 360, 'Kab. Kudus'),
(3316, 33, 360, 'Kab. Megelang'),
(3317, 33, 360, 'Kab. Pati'),
(3318, 33, 360, 'Kab. Pekalongan'),
(3319, 33, 360, 'Kab. Pemalang'),
(3320, 33, 360, 'Kab. Purbalingga'),
(3321, 33, 360, 'Kab. Purworejo'),
(3322, 33, 360, 'Kab. Rembang'),
(3323, 33, 360, 'Kab. Semarang'),
(3324, 33, 360, 'Kab. Sragen'),
(3325, 33, 360, 'Kab. Sukoharjo'),
(3326, 33, 360, 'Kab. Tegal'),
(3327, 33, 360, 'Kab. Temanggung'),
(3328, 33, 360, 'Kab. Wonogiri'),
(3329, 33, 360, 'Kab. Wonosobo'),
(3371, 33, 360, 'Kota Magelang'),
(3372, 33, 360, 'Kota Pekalongan'),
(3373, 33, 360, 'Kota Salatiga'),
(3374, 33, 360, 'Kota Semarang'),
(3375, 33, 360, 'Kota Surakarta'),
(3376, 33, 360, 'Kota Tegal'),
(3401, 34, 360, 'Kab. Bantul'),
(3402, 34, 360, 'Kab. Gunung Kidul'),
(3403, 34, 360, 'Kab. Kulonprogo'),
(3404, 34, 360, 'Kab. Sleman'),
(3471, 34, 360, 'Kota Yogyakarta'),
(3501, 35, 360, 'Kab. Pacitan'),
(3502, 35, 360, 'Kab. Ponorogo'),
(3503, 35, 360, 'Kab. Trenggalek'),
(3504, 35, 360, 'Kab. Tulungagung'),
(3505, 35, 360, 'Kab. Blitar'),
(3506, 35, 360, 'Kab. Kediri'),
(3507, 35, 360, 'Kab. Malang'),
(3508, 35, 360, 'Kab. Lumajang'),
(3509, 35, 360, 'Kab. Jember'),
(3510, 35, 360, 'Kab. Banyuwangi'),
(3511, 35, 360, 'Kab. Bondowoso'),
(3512, 35, 360, 'Kab. Situbondo'),
(3513, 35, 360, 'Kab. Probolinggo'),
(3514, 35, 360, 'Kab. Pasuruan'),
(3515, 35, 360, 'Kab. Sidoarjo'),
(3516, 35, 360, 'Kab. Mojokerto'),
(3517, 35, 360, 'Kab. Jombang'),
(3518, 35, 360, 'Kab. Nganjuk'),
(3519, 35, 360, 'Kab. Madiun'),
(3520, 35, 360, 'Kab. Magetan'),
(3521, 35, 360, 'Kab. Ngawi'),
(3522, 35, 360, 'Kab. Bojonegoro'),
(3523, 35, 360, 'Kab. Tuban'),
(3524, 35, 360, 'Kab. Lamongan'),
(3525, 35, 360, 'Kab. Gresik'),
(3526, 35, 360, 'Kab. Bangkalan'),
(3527, 35, 360, 'Kab. Sampang'),
(3528, 35, 360, 'Kab. Pamekasan'),
(3529, 35, 360, 'Kab. Sumenep'),
(3571, 35, 360, 'Kota Kediri'),
(3572, 35, 360, 'Kota Blitar'),
(3573, 35, 360, 'Kota Malang'),
(3574, 35, 360, 'Kota Probolinggo'),
(3575, 35, 360, 'Kota Pasuruan'),
(3576, 35, 360, 'Kota Mojokerto'),
(3577, 35, 360, 'Kota Madiun'),
(3578, 35, 360, 'Kota Surabaya'),
(3579, 35, 360, 'Kota Batu'),
(3601, 30, 360, 'Kab. Pandeglang'),
(3601, 36, 360, 'Kab. Pandeglang'),
(3602, 30, 360, 'Kab. Lebak'),
(3602, 36, 360, 'Kab. Lebak'),
(3603, 30, 360, 'Kab. Tangerang'),
(3603, 36, 360, 'Kab. Tangerang'),
(3604, 30, 360, 'Kab. Serang'),
(3604, 36, 360, 'Kab. Serang'),
(3671, 30, 360, 'Kota Tangerang'),
(3671, 36, 360, 'Kota Tangerang'),
(3672, 30, 360, 'Kota Cilegon'),
(3672, 36, 360, 'Kota Cilegon'),
(3673, 36, 360, 'Kota Serang'),
(3674, 36, 360, 'Kota Tangerang Selatan'),
(5101, 51, 360, 'Kab. Jembrana'),
(5102, 51, 360, 'Kab. Tabanan'),
(5103, 51, 360, 'Kab. Badung'),
(5104, 51, 360, 'Kab. Gianyar'),
(5105, 51, 360, 'Kab. Klungkung'),
(5106, 51, 360, 'Kab. Bangli'),
(5107, 51, 360, 'Kab. Karang Asem'),
(5108, 51, 360, 'Kab. Buleleng'),
(5171, 51, 360, 'Kota Denpasar'),
(5201, 52, 360, 'Kab. Lombok Barat'),
(5202, 52, 360, 'Kab. Lombok Tengah'),
(5203, 52, 360, 'Kab. Lombok Timur'),
(5204, 52, 360, 'Kab. Sumbawa'),
(5205, 52, 360, 'Kab. Dompu'),
(5206, 52, 360, 'Kab. Bima'),
(5207, 52, 360, 'Kab. Sumbawa Barat'),
(5208, 52, 360, 'Kab. Lombok Utara'),
(5271, 52, 360, 'Kota Mataram'),
(5272, 52, 360, 'Kota Bima'),
(5301, 53, 360, 'Kab. Sumba Barat'),
(5302, 53, 360, 'Kab. Sumba Timur'),
(5303, 53, 360, 'Kab. Kupang'),
(5304, 53, 360, 'Kab. Timor Tengah Selatan'),
(5305, 53, 360, 'Kab. Timor Tengah Utara'),
(5306, 53, 360, 'Kab. Belu'),
(5307, 53, 360, 'Kab. Alor'),
(5308, 53, 360, 'Kab. Lembata'),
(5309, 53, 360, 'Kab. Flores Timur'),
(5310, 53, 360, 'Kab. Sikka'),
(5311, 53, 360, 'Kab. Ende'),
(5312, 53, 360, 'Kab. Ngada'),
(5313, 53, 360, 'Kab. Manggarai'),
(5314, 53, 360, 'Kab. Rote Ndao'),
(5315, 53, 360, 'Kab. Manggarai Barat'),
(5316, 53, 360, 'Kab. Sumba Tengah'),
(5317, 53, 360, 'Kab. Sumba Barat Daya'),
(5318, 53, 360, 'Kab. Nagekeo'),
(5319, 53, 360, 'Kab. Manggarai Timur'),
(5320, 53, 360, 'Kab. Sabu Raijua'),
(5371, 53, 360, 'Kota Kupang'),
(6101, 61, 360, 'Kab. Bengkayang'),
(6102, 61, 360, 'Kab. Kapuas Hulu'),
(6103, 61, 360, 'Kab. Kayong Utara'),
(6104, 61, 360, 'Kab. Ketapang'),
(6105, 61, 360, 'Kab. Kubu Raya'),
(6106, 61, 360, 'Kab. Landak'),
(6107, 61, 360, 'Kab. Malawi'),
(6108, 61, 360, 'Kab. Pontianak'),
(6109, 61, 360, 'Kab. Sambas'),
(6110, 61, 360, 'Kab. Sanggau'),
(6111, 61, 360, 'Kab. Sekadau'),
(6112, 61, 360, 'Kab. Sintang'),
(6171, 61, 360, 'Kota Pontianak'),
(6172, 61, 360, 'Kota Singkawang'),
(6201, 62, 360, 'Kab. Barito Selatan'),
(6202, 62, 360, 'Kab. Barito Timur'),
(6203, 62, 360, 'Kab. Barito Utara'),
(6204, 62, 360, 'Kab. Gunung Mas'),
(6205, 62, 360, 'Kab. Kapuas'),
(6206, 62, 360, 'Kab. Katingan'),
(6207, 62, 360, 'Kab. Kotawaringin Barat'),
(6208, 62, 360, 'Kab. Kotawaringin Timur'),
(6209, 62, 360, 'Kab. Lamandau'),
(6210, 62, 360, 'Kab. Murung Raya'),
(6211, 62, 360, 'Kab. Pulang Pisau'),
(6212, 62, 360, 'Kab. Seruyan'),
(6213, 62, 360, 'Kab. Sukamara'),
(6271, 62, 360, 'Kota Palangkaraya'),
(6301, 63, 360, 'Kab. Balangan'),
(6302, 63, 360, 'Kab. Banjar'),
(6303, 63, 360, 'Kab. Barito Kuala'),
(6304, 63, 360, 'Kab. Hulu Sungai Selatan'),
(6305, 63, 360, 'Kab. Hulu Sungai Tengah'),
(6306, 63, 360, 'Kab. Hulu Sungai Utara'),
(6307, 63, 360, 'Kab. Kotabaru'),
(6308, 63, 360, 'Kab. Tabalong'),
(6309, 63, 360, 'Kab. Tanah Bumbu'),
(6310, 63, 360, 'Kab. Tanah Laut'),
(6311, 63, 360, 'Kab. Tapin'),
(6371, 63, 360, 'Kota Banjarbaru'),
(6372, 63, 360, 'Kota Banjarmasin'),
(6401, 64, 360, 'Kab. Berau'),
(6402, 64, 360, 'Kab. Bulungan'),
(6403, 64, 360, 'Kab. Kutai Barat'),
(6404, 64, 360, 'Kab. Kutai Kartanegara'),
(6405, 64, 360, 'Kab. Kutai Timur'),
(6406, 64, 360, 'Kab. Malinau'),
(6407, 64, 360, 'Kab. Nunukan'),
(6408, 64, 360, 'Kab. Paser'),
(6409, 64, 360, 'Kab. Penajam Paser Utara'),
(6410, 64, 360, 'Kab. Tana Tidung'),
(6471, 64, 360, 'Kota Balikpapan'),
(6472, 64, 360, 'Kota Bontang'),
(6473, 64, 360, 'Kota Samarinda'),
(6474, 64, 360, 'Kota Tarakan'),
(7101, 71, 360, 'Kab. Bolaang Mongondow'),
(7102, 71, 360, 'Kab. Bolaang Mongondow Utara'),
(7103, 71, 360, 'Kab. Kepulauan Talaud'),
(7104, 71, 360, 'Kab. Minahasa'),
(7105, 71, 360, 'Kab. Minahasa Selatan'),
(7106, 71, 360, 'Kab. Minahasa Tenggara'),
(7107, 71, 360, 'Kab. Minahasa Utara'),
(7108, 71, 360, 'Kab. Sangihe'),
(7109, 71, 360, 'Kab. Minahasa Tenggara'),
(7110, 71, 360, 'Kab. Bolaang Mongondow Selatan'),
(7111, 71, 360, 'Kab. Bolaang Mongondow Timur'),
(7171, 71, 360, 'Kota Manado'),
(7172, 71, 360, 'Kota Bitung'),
(7173, 71, 360, 'Kota Kotamobagu'),
(7174, 71, 360, 'Kota Tomohon'),
(7201, 72, 360, 'Kab. Banggai'),
(7202, 72, 360, 'Kab. Banggai Kepulauan'),
(7203, 72, 360, 'Kab. Buol'),
(7204, 72, 360, 'Kab. Donggala'),
(7205, 72, 360, 'Kab. Morowali'),
(7206, 72, 360, 'Kab. Parigi Muotong'),
(7207, 72, 360, 'Kab. Poso'),
(7208, 72, 360, 'Kab. Tojo Una-Una'),
(7209, 72, 360, 'Kab. Toli Toli'),
(7210, 72, 360, 'Kab. Sigi'),
(7271, 72, 360, 'Kota Palu'),
(7301, 73, 360, 'Kab. Selayar'),
(7301, 74, 360, 'Kab. Bombana'),
(7302, 73, 360, 'Kab. Bulukumba'),
(7302, 74, 360, 'Kab. Buton'),
(7303, 73, 360, 'Kab. Bantaeng'),
(7303, 74, 360, 'Kab. Buton Utara'),
(7304, 73, 360, 'Kab. Jeneponto'),
(7304, 74, 360, 'Kab. Kolaka'),
(7305, 73, 360, 'Kab. Takalar'),
(7305, 74, 360, 'Kab. Kolaka Utara'),
(7306, 73, 360, 'Kab. Gowa'),
(7306, 74, 360, 'Kab. Konawe'),
(7307, 73, 360, 'Kab. Sinjai'),
(7307, 74, 360, 'Kab. Konawe Selatan'),
(7308, 73, 360, 'Kab. Maros'),
(7308, 74, 360, 'Kab. Konawe Utara'),
(7309, 73, 360, 'Kab. Pangkajene Dan Kepulauan'),
(7309, 74, 360, 'Kab. Muna'),
(7310, 73, 360, 'Kab. Barru'),
(7310, 74, 360, 'Kab. Wakatobi'),
(7311, 73, 360, 'Kab. Bone'),
(7312, 73, 360, 'Kab. Soppeng'),
(7313, 73, 360, 'Kab. Wajo'),
(7314, 73, 360, 'Kab. Sidenreng Rappang'),
(7315, 73, 360, 'Kab. Pinrang'),
(7316, 73, 360, 'Kab. Enrekang'),
(7317, 73, 360, 'Kab. Luwu'),
(7318, 73, 360, 'Kab. Tana Toraja'),
(7322, 73, 360, 'Kab. Luwu Utara'),
(7325, 73, 360, 'Kab. Luwu Timur'),
(7326, 73, 360, 'Kab. Toraja Utara'),
(7371, 73, 360, 'Kota Makassar'),
(7371, 74, 360, 'Kota Bau-Bau'),
(7372, 73, 360, 'Kota Pare-Pare'),
(7372, 74, 360, 'Kota Kendari'),
(7373, 73, 360, 'Kota Palopo'),
(7401, 73, 360, 'Kab. Bantaeng'),
(7401, 74, 360, 'Kab. Buton'),
(7402, 73, 360, 'Kab. Barru'),
(7402, 74, 360, 'Kab. Muna'),
(7403, 73, 360, 'Kab. Bone'),
(7403, 74, 360, 'Kab. Konawe'),
(7404, 73, 360, 'Kab. Bulukumba'),
(7404, 74, 360, 'Kab. Kolaka'),
(7405, 73, 360, 'Kab. Enrekang'),
(7405, 74, 360, 'Kab. Konawe Selatan'),
(7406, 73, 360, 'Kab. Gowa'),
(7406, 74, 360, 'Kab. Bombana'),
(7407, 73, 360, 'Kab. Jeneponto'),
(7407, 74, 360, 'Kab. Wakatobi'),
(7408, 73, 360, 'Kab. Luwu'),
(7408, 74, 360, 'Kab. Kolaka Utara'),
(7409, 73, 360, 'Kab. Luwu Timur'),
(7409, 74, 360, 'Kab. Buton Utara'),
(7410, 73, 360, 'Kab. Luwu Utara'),
(7410, 74, 360, 'Kab. Konawe Utara'),
(7411, 73, 360, 'Kab. Maros'),
(7412, 73, 360, 'Kab. Pangkajene Kepulauan'),
(7413, 73, 360, 'Kab. Pinrang'),
(7414, 73, 360, 'Kab. Selayar'),
(7415, 73, 360, 'Kab. Sidenreng Rappang'),
(7416, 73, 360, 'Kab. Sinjai'),
(7417, 73, 360, 'Kab. Soppeng'),
(7418, 73, 360, 'Kab. Takalar'),
(7419, 73, 360, 'Kab. Tana Toraja'),
(7420, 73, 360, 'Kab. Wajo'),
(7471, 73, 360, 'Kota Makasar'),
(7471, 74, 360, 'Kota Kendari'),
(7472, 73, 360, 'Kota Palopo'),
(7472, 74, 360, 'Kota Bau-Bau'),
(7473, 73, 360, 'Kota Pare Pare'),
(7501, 70, 360, 'Kab. Boalemo'),
(7501, 75, 360, 'Kab. Boalemo'),
(7502, 70, 360, 'Kab. Bonebolango'),
(7502, 75, 360, 'Kab. Bonebolango'),
(7503, 70, 360, 'Kab. Gorontalo'),
(7503, 75, 360, 'Kab. Gorontalo'),
(7504, 70, 360, 'Kab. Gorontalo Utara'),
(7504, 75, 360, 'Kab. Gorontalo Utara'),
(7505, 70, 360, 'Kab. Pohuwato'),
(7505, 75, 360, 'Kab. Pohuwato'),
(7571, 75, 360, 'Kota Gorontalo'),
(7601, 76, 360, 'Kab. Majene'),
(7602, 76, 360, 'Kab. Mamasa'),
(7603, 76, 360, 'Kab. Mamuju'),
(7604, 76, 360, 'Kab. Mamuju Utara'),
(7605, 76, 360, 'Kab. Polewali'),
(8101, 81, 360, 'Kab. Buru'),
(8102, 81, 360, 'Kab. Kepulauan Aru'),
(8103, 81, 360, 'Kab. Maluku Tengah'),
(8104, 81, 360, 'Kab. Maluku Tenggara'),
(8105, 81, 360, 'Kab. Maluku Tenggara Barat'),
(8106, 81, 360, 'Kab. Seram Bagian Barat'),
(8107, 81, 360, 'Kab. Seram Bagian Timur'),
(8108, 81, 360, 'Kab. Maluku Barat Daya'),
(8109, 81, 360, 'Kab. Buru Selatan'),
(8171, 81, 360, 'Kota Ambon'),
(8172, 81, 360, 'Kota Tual'),
(8201, 82, 360, 'Kab. Halmahera Barat'),
(8202, 82, 360, 'Kab. Halmahera Tengah'),
(8203, 82, 360, 'Kab. Kepulauan Sula'),
(8204, 82, 360, 'Kab. Halmahera Selatan'),
(8205, 82, 360, 'Kab. Halmahera Utara'),
(8206, 82, 360, 'Kab. Halmahera Timur'),
(8207, 82, 360, 'Kab. Pulau Morotai'),
(8271, 82, 360, 'Kota Ternate'),
(8272, 82, 360, 'Kota Tidore Kepulauan'),
(8401, 84, 360, 'Kab. Halmahera Barat'),
(8402, 84, 360, 'Kab. Halmahera Selatan'),
(8403, 84, 360, 'Kab. Halmahera Tengah'),
(8404, 84, 360, 'Kab. Halmahera Timur'),
(8405, 84, 360, 'Kab. Halmahera Utara'),
(8406, 84, 360, 'Kab. Kepulauan Sula'),
(8471, 84, 360, 'Kota Ternate'),
(8472, 84, 360, 'Kota Tidore Kepulauan'),
(8501, 85, 360, 'Kab. Biak Numfor'),
(8501, 87, 360, 'Kab. Biak Numfor'),
(8502, 85, 360, 'Kab. Boven Digul'),
(8502, 87, 360, 'Kab. Boven Digul'),
(8503, 85, 360, 'Kab. Jayapura'),
(8503, 87, 360, 'Kab. Jayapura'),
(8504, 85, 360, 'Kab. Jayawijaya'),
(8504, 87, 360, 'Kab. Jayawijaya'),
(8505, 85, 360, 'Kab. Keerom'),
(8505, 87, 360, 'Kab. Keerom'),
(8506, 85, 360, 'Kab. Mappi'),
(8506, 87, 360, 'Kab. Mappi'),
(8507, 85, 360, 'Kab. Marauke'),
(8507, 87, 360, 'Kab. Marauke'),
(8508, 85, 360, 'Kab. Mimika'),
(8508, 87, 360, 'Kab. Mimika'),
(8509, 85, 360, 'Kab. Nabire'),
(8509, 87, 360, 'Kab. Nabire'),
(8510, 85, 360, 'Kab. Paniai'),
(8510, 87, 360, 'Kab. Paniai'),
(8511, 85, 360, 'Kab. Pegunungan Bintang'),
(8511, 87, 360, 'Kab. Pegunungan Bintang'),
(8512, 85, 360, 'Kab. Puncak Jaya'),
(8512, 87, 360, 'Kab. Puncak Jaya'),
(8513, 85, 360, 'Kab. Sarmi'),
(8513, 87, 360, 'Kab. Sarmi'),
(8514, 85, 360, 'Kab. Supiori'),
(8514, 87, 360, 'Kab. Supiori'),
(8515, 85, 360, 'Kab. Tolikara'),
(8515, 87, 360, 'Kab. Tolikara'),
(8516, 85, 360, 'Kab. Waropen'),
(8516, 87, 360, 'Kab. Waropen'),
(8517, 85, 360, 'Kab. Yahukimo'),
(8517, 87, 360, 'Kab. Yahukimo'),
(8518, 85, 360, 'Kab. Yapen Waropen'),
(8518, 87, 360, 'Kab. Yapen Waropen'),
(8571, 85, 360, 'Kota Jayapura'),
(8571, 87, 360, 'Kota Jayapura'),
(8701, 85, 360, 'Kab. Fak-Fak'),
(8701, 87, 360, 'Kab. Fak-Fak'),
(8702, 85, 360, 'Kab. Kaimana'),
(8702, 87, 360, 'Kab. Kaimana'),
(8703, 85, 360, 'Kab. Manokwari'),
(8703, 87, 360, 'Kab. Manokwari'),
(8704, 85, 360, 'Kab. Raja Ampat'),
(8704, 87, 360, 'Kab. Raja Ampat'),
(8705, 85, 360, 'Kab. Sorong'),
(8705, 87, 360, 'Kab. Sorong'),
(8706, 85, 360, 'Kab. Sorong Selatan'),
(8706, 87, 360, 'Kab. Sorong Selatan'),
(8707, 85, 360, 'Kab. Teluk Bintuni'),
(8707, 87, 360, 'Kab. Teluk Bintuni'),
(8708, 85, 360, 'Kab. Teluk Wondama'),
(8708, 87, 360, 'Kab. Teluk Wondama'),
(8771, 85, 360, 'Kota Sorong'),
(8771, 87, 360, 'Kota Sorong'),
(9101, 91, 360, 'Kab. Fakfak'),
(9102, 91, 360, 'Kab. Kaimana'),
(9103, 91, 360, 'Kab. Teluk Wondama'),
(9104, 91, 360, 'Kab. Teluk Bintuni'),
(9105, 91, 360, 'Kab. Manokwari'),
(9106, 91, 360, 'Kab. Sorong Selatan'),
(9107, 91, 360, 'Kab. Sorong'),
(9108, 91, 360, 'Kab. Raja Ampat'),
(9109, 91, 360, 'Kab. Tambrauw'),
(9110, 91, 360, 'Kab. Maybrat'),
(9171, 91, 360, 'Kota Sorong'),
(9401, 94, 360, 'Kab. Merauke'),
(9402, 94, 360, 'Kab. Jayawijaya'),
(9403, 94, 360, 'Kab. Jayapura'),
(9404, 94, 360, 'Kab. Nabire'),
(9408, 94, 360, 'Kab. Kepulauan Yapen'),
(9409, 94, 360, 'Kab. Biak Numfor'),
(9410, 94, 360, 'Kab. Paniai'),
(9411, 94, 360, 'Kab. Puncak Jaya'),
(9412, 94, 360, 'Kab. Mimika'),
(9413, 94, 360, 'Kab. Boven Digoel'),
(9414, 94, 360, 'Kab. Mappi'),
(9415, 94, 360, 'Kab. Asmat'),
(9416, 94, 360, 'Kab. Yahukimo'),
(9417, 94, 360, 'Kab. Pegunungan Bintang'),
(9418, 94, 360, 'Kab. Tolikara'),
(9419, 94, 360, 'Kab. Sarmi'),
(9420, 94, 360, 'Kab. Keerom'),
(9426, 94, 360, 'Kab. Waropen'),
(9427, 94, 360, 'Kab. Supiori'),
(9428, 94, 360, 'Kab. Mamberamo Raya'),
(9429, 94, 360, 'Kab. Nduga'),
(9430, 94, 360, 'Kab. Lanny Jaya'),
(9431, 94, 360, 'Kab. Mamberamo Tengah'),
(9432, 94, 360, 'Kab. Yalimo'),
(9433, 94, 360, 'Kab. Puncak'),
(9434, 94, 360, 'Kab. Dogiyai'),
(9435, 94, 360, 'Kab. Intan Jaya'),
(9436, 94, 360, 'Kab. Deiyai'),
(9471, 94, 360, 'Kota Jayapura');

-- --------------------------------------------------------

--
-- Table structure for table `m_negara`
--

CREATE TABLE `m_negara` (
  `k_negara` int(10) UNSIGNED NOT NULL,
  `content` varchar(50) DEFAULT NULL
) ENGINE=InnoDB DEFAULT CHARSET=latin1;

--
-- Dumping data for table `m_negara`
--

INSERT INTO `m_negara` (`k_negara`, `content`) VALUES
(360, 'Indonesia'),
(999, 'Lainnya');

-- --------------------------------------------------------

--
-- Table structure for table `m_propinsi`
--

CREATE TABLE `m_propinsi` (
  `k_propinsi` int(10) UNSIGNED NOT NULL,
  `k_negara` int(10) UNSIGNED NOT NULL,
  `content` varchar(50) DEFAULT NULL
) ENGINE=InnoDB DEFAULT CHARSET=latin1;

--
-- Dumping data for table `m_propinsi`
--

INSERT INTO `m_propinsi` (`k_propinsi`, `k_negara`, `content`) VALUES
(11, 360, 'Nanggroe Aceh Darussalam'),
(12, 360, 'Sumatera Utara'),
(13, 360, 'Sumatera Barat'),
(14, 360, 'Riau'),
(15, 360, 'Jambi'),
(16, 360, 'Sumatera Selatan'),
(17, 360, 'Bengkulu'),
(18, 360, 'Lampung'),
(19, 360, 'Kep. Bangka Belitung'),
(21, 360, 'Kepulauan Riau'),
(30, 360, 'Banten'),
(31, 360, 'Dki Jakarta'),
(32, 360, 'Jawa Barat'),
(33, 360, 'Jawa Tengah'),
(34, 360, 'D.I. Yogyakarta'),
(35, 360, 'Jawa Timur'),
(36, 360, 'Banten'),
(51, 360, 'Bali'),
(52, 360, 'Nusa Tenggara Barat'),
(53, 360, 'Nusa Tenggara Timur'),
(61, 360, 'Kalimantan Barat'),
(62, 360, 'Kalimantan Tengah'),
(63, 360, 'Kalimantan Selatan'),
(64, 360, 'Kalimantan Timur'),
(70, 360, 'Gorontalo'),
(71, 360, 'Sulawesi Utara'),
(72, 360, 'Sulawesi Tengah'),
(73, 360, 'Sulawesi Selatan'),
(74, 360, 'Sulawesi Tenggara'),
(75, 360, 'Gorontalo'),
(76, 360, 'Sulawesi Barat'),
(81, 360, 'Maluku'),
(82, 360, 'Maluku Utara'),
(84, 360, 'Maluku Utara'),
(85, 360, 'Papua Barat'),
(86, 360, 'Irian Jaya'),
(87, 360, 'Papua'),
(91, 360, 'Papua Barat'),
(94, 360, 'Papua'),
(99, 360, 'Luar Negeri'),
(99, 999, 'Lainnya');

--
-- Indexes for dumped tables
--

--
-- Indexes for table `m_kota`
--
ALTER TABLE `m_kota`
  ADD PRIMARY KEY (`k_kota`,`k_propinsi`,`k_negara`),
  ADD KEY `k_propinsi` (`k_propinsi`,`k_negara`);

--
-- Indexes for table `m_negara`
--
ALTER TABLE `m_negara`
  ADD PRIMARY KEY (`k_negara`);

--
-- Indexes for table `m_propinsi`
--
ALTER TABLE `m_propinsi`
  ADD PRIMARY KEY (`k_propinsi`,`k_negara`),
  ADD KEY `k_negara` (`k_negara`);

--
-- AUTO_INCREMENT for dumped tables
--

--
-- AUTO_INCREMENT for table `m_kota`
--
ALTER TABLE `m_kota`
  MODIFY `k_kota` int(10) UNSIGNED NOT NULL AUTO_INCREMENT, AUTO_INCREMENT=9472;

--
-- AUTO_INCREMENT for table `m_negara`
--
ALTER TABLE `m_negara`
  MODIFY `k_negara` int(10) UNSIGNED NOT NULL AUTO_INCREMENT, AUTO_INCREMENT=1000;

--
-- AUTO_INCREMENT for table `m_propinsi`
--
ALTER TABLE `m_propinsi`
  MODIFY `k_propinsi` int(10) UNSIGNED NOT NULL AUTO_INCREMENT, AUTO_INCREMENT=100;

--
-- Constraints for dumped tables
--

--
-- Constraints for table `m_kota`
--
ALTER TABLE `m_kota`
  ADD CONSTRAINT `m_kota_ibfk_1` FOREIGN KEY (`k_propinsi`,`k_negara`) REFERENCES `m_propinsi` (`k_propinsi`, `k_negara`);

--
-- Constraints for table `m_propinsi`
--
ALTER TABLE `m_propinsi`
  ADD CONSTRAINT `m_propinsi_ibfk_1` FOREIGN KEY (`k_negara`) REFERENCES `m_negara` (`k_negara`);
COMMIT;

/*!40101 SET CHARACTER_SET_CLIENT=@OLD_CHARACTER_SET_CLIENT */;
/*!40101 SET CHARACTER_SET_RESULTS=@OLD_CHARACTER_SET_RESULTS */;
/*!40101 SET COLLATION_CONNECTION=@OLD_COLLATION_CONNECTION */;
